{
  "emulators": {
    "dataconnect": {
      "dataDir": "dataconnect/.dataconnect/pgliteData",
      "port": 9399
    },
    "apphosting": {
      "port": 5002,
      "rootDirectory": "./"
    },
    "auth": {
      "port": 9099
    },
    "firestore": {
      "port": 8080
    },
    "database": {
      "port": 9000
    },
    "hosting": {
      "port": 5000
    },
    "storage": {
      "port": 9199
    },
    "ui": {
      "enabled": true
    },
    "singleProjectMode": true
  },
  "dataconnect": {
    "source": "dataconnect"
  },
  "firestore": {
    "rules": "firestore.rules",
    "indexes": "firestore.indexes.json"
  },
  "hosting": {
    "public": "public",
    "ignore": [
      "firebase.json",
      "**/.*",
      "**/node_modules/**"
    ],
    "rewrites": [
      {
        "source": "**",
        "destination": "/index.html"
      }
    ]
  },
  "database": {
    "rules": "database.rules.json"
  }
}
